timestamp,machine_id,line,shift,product,planned_output,actual_output,scrap_count,downtime_minutes,runtime_minutes,quality_status
2025-01-01 06:00,M-11,Line B,Day,Valve Assembly,83,68,2,17.4,393.6,Hold
2025-01-01 14:00,M-07,Line A,Evening,Valve Assembly,83,76,3,26.5,398.3,Review
2025-01-01 22:00,M-04,Line A,Night,Bearing Kit,115,109,2,18.6,400.1,Pass
2025-01-02 06:00,M-02,Line B,Day,Valve Assembly,128,122,5,40.3,393.0,Review
2025-01-02 14:00,M-02,Line B,Evening,Sensor Module,117,107,4,27.3,378.1,Pass
2025-01-02 22:00,M-05,Line B,Night,Valve Assembly,109,106,1,27.2,384.1,Pass
2025-01-03 06:00,M-12,Line C,Day,Valve Assembly,101,88,4,7.7,410.4,Pass
2025-01-03 14:00,M-11,Line B,Evening,Control Panel,87,74,1,18.5,404.5,Pass
2025-01-03 22:00,M-04,Line A,Night,Bearing Kit,130,106,4,33.0,375.6,Hold
2025-01-04 06:00,M-07,Line A,Day,Sensor Module,131,121,5,0.0,451.5,Pass
2025-01-04 14:00,M-11,Line B,Evening,Pump Housing,134,122,2,6.7,406.6,Pass
2025-01-04 22:00,M-11,Line B,Night,Valve Assembly,114,95,0,19.5,389.6,Pass
2025-01-05 06:00,M-09,Line C,Day,Pump Housing,144,132,4,42.1,365.2,Pass
2025-01-05 14:00,M-09,Line C,Evening,Sensor Module,80,71,3,4.8,407.1,Pass
2025-01-05 22:00,M-01,Line A,Night,Pump Housing,90,85,3,31.9,395.2,Review
2025-01-06 06:00,M-09,Line C,Day,Pump Housing,113,115,5,0.0,417.2,Pass
2025-01-06 14:00,M-07,Line A,Evening,Control Panel,136,109,1,30.4,381.8,Hold
2025-01-06 22:00,,Line A,Night,Valve Assembly,89,72,1,16.7,399.3,Pass
2025-01-07 06:00,M-11,Line B,Day,Bearing Kit,107,101,2,0.0,415.3,Review
2025-01-07 14:00,M-04,Line A,Evening,Valve Assembly,92,91,1,10.9,399.7,Pass
2025-01-07 22:00,M-01,Line A,Night,Bearing Kit,123,112,1,20.1,394.4,Review
2025-01-08 06:00,M-04,Line A,Day,Valve Assembly,136,127,16,27.8,370.1,Pass
2025-01-08 14:00,M-03,Line C,Evening,Bearing Kit,142,121,1,0.0,422.8,Review
2025-01-08 22:00,M-05,Line B,Night,Bearing Kit,142,131,4,24.6,403.7,Pass
2025-01-09 06:00,M-01,Line A,Day,Sensor Module,141,145,1,0.0,419.6,Hold
2025-01-09 14:00,M-02,Line B,Evening,Pump Housing,131,119,4,39.5,397.8,Hold
2025-01-09 22:00,M-10,Line A,Night,Sensor Module,120,101,2,26.7,390.1,Pass
2025-01-10 06:00,M-08,Line B,Day,Control Panel,89,71,2,37.5,383.5,Pass
2025-01-10 14:00,M-06,Line C,Evening,Valve Assembly,111,106,3,12.4,412.7,Hold
2025-01-10 22:00,M-01,Line A,Night,Sensor Module,0,100,5,24.0,393.7,Pass
2025-01-11 06:00,M-05,Line B,Day,Control Panel,106,91,2,16.1,396.0,Pass
2025-01-11 14:00,M-02,Line B,Evening,Bearing Kit,115,115,1,30.1,392.9,Review
2025-01-11 22:00,M-09,Line C,Night,Valve Assembly,94,84,3,43.8,387.5,Pass
2025-01-12 06:00,M-07,Line A,Day,Pump Housing,85,85,4,7.3,436.7,Pass
2025-01-12 14:00,M-11,Line B,Evening,Valve Assembly,125,116,1,23.5,372.0,Pass
2025-01-12 22:00,M-03,Line C,Night,Bearing Kit,83,72,2,31.7,412.9,Pass
2025-01-13 06:00,M-05,Line B,Day,Pump Housing,93,78,4,15.1,407.2,Pass
2025-01-13 14:00,M-04,Line A,Evening,Valve Assembly,104,102,2,8.9,416.9,Hold
2025-01-13 22:00,M-06,Line C,Night,Valve Assembly,94,94,1,25.8,387.7,Pass
2025-01-14 06:00,M-12,Line C,Day,Control Panel,135,127,2,4.8,406.3,Pass
2025-01-14 14:00,M-09,Line C,Evening,Sensor Module,105,92,2,14.5,408.9,Pass
2025-01-14 22:00,M-09,Line C,Night,Control Panel,132,112,4,8.0,428.5,Pass
2025-01-15 06:00,M-10,Line A,Day,Sensor Module,118,102,4,0.0,432.6,Pass
2025-01-15 14:00,M-08,Line B,Evening,Bearing Kit,136,138,5,10.5,396.7,Pass
2025-01-15 22:00,M-09,Line C,Night,Sensor Module,122,102,4,46.7,389.7,Pass
2025-01-16 06:00,M-04,Line A,Day,Bearing Kit,89,87,2,0.0,426.9,Pass
2025-01-16 14:00,M-11,Line B,Evening,Valve Assembly,93,88,2,19.7,392.0,Pass
2025-01-16 22:00,M-08,Line B,Night,Pump Housing,139,143,7,0.0,389.0,Hold
2025-01-17 06:00,M-07,Line A,Day,Sensor Module,137,115,2,36.4,371.7,Hold
2025-01-17 14:00,M-08,Line B,Evening,Pump Housing,115,102,5,0.0,427.0,Pass
2025-01-17 22:00,M-04,Line A,Night,Bearing Kit,99,91,2,16.6,399.2,Review
2025-01-18 06:00,M-07,Line A,Day,Sensor Module,82,64,1,32.8,371.2,Review
2025-01-18 14:00,M-09,Line C,Evening,Sensor Module,108,97,3,6.9,413.8,Pass
2025-01-18 22:00,M-08,Line B,Night,Pump Housing,83,66,1,33.6,377.5,Pass
2025-01-19 06:00,M-01,Line A,Day,Control Panel,128,128,2,10.8,420.9,Review
2025-01-19 14:00,M-05,Line B,Evening,Valve Assembly,140,120,4,35.3,386.5,Pass
2025-01-19 22:00,M-01,Line A,Night,Pump Housing,105,94,1,28.4,377.4,Review
2025-01-20 06:00,M-12,Line C,Day,Control Panel,127,103,4,27.5,406.8,Pass
2025-01-20 14:00,M-10,Line A,Evening,Valve Assembly,119,122,2,0.0,408.0,Pass
2025-01-20 22:00,M-02,Line B,Night,Control Panel,95,75,2,136.2,268.9,Pass
2025-01-21 06:00,M-01,Line A,Day,Bearing Kit,142,135,5,46.1,392.7,Hold
2025-01-21 14:00,M-11,Line B,Evening,Control Panel,141,125,2,0.0,424.9,Pass
2025-01-21 22:00,M-08,Line B,Night,Pump Housing,139,129,3,0.0,412.4,Pass
2025-01-22 06:00,M-05,Line B,Day,Control Panel,115,90,4,33.9,373.4,Review
2025-01-22 14:00,M-08,Line B,,Sensor Module,110,108,1,10.6,393.3,Pass
2025-01-22 22:00,M-05,Line B,Night,Sensor Module,127,124,3,1.0,421.5,Pass
2025-01-23 06:00,M-05,Line B,Day,Control Panel,109,99,4,24.6,400.8,Pass
2025-01-23 14:00,M-12,Line C,Evening,Bearing Kit,115,100,1,11.9,375.6,Pass
2025-01-23 22:00,M-06,Line C,Night,Pump Housing,118,117,4,35.2,386.1,Pass
2025-01-24 06:00,M-11,Line B,Day,Bearing Kit,93,82,1,30.7,378.1,Review
2025-01-24 14:00,M-02,Line B,Evening,Valve Assembly,131,111,5,0.0,420.8,Pass
2025-01-24 22:00,M-04,Line A,Night,Valve Assembly,133,124,3,0.0,406.9,Hold
2025-01-25 06:00,M-07,Line A,Day,Control Panel,87,75,1,0.3,407.2,Pass
2025-01-25 14:00,M-04,Line A,Evening,Pump Housing,89,79,0,25.9,404.3,Pass
2025-01-25 22:00,M-12,Line C,Night,Bearing Kit,89,84,3,5.8,389.0,Review
2025-01-26 06:00,M-02,Line B,Day,Sensor Module,108,90,1,180.0,399.0,Hold
2025-01-26 14:00,M-05,Line B,Evening,Bearing Kit,95,82,2,6.3,415.7,Hold
2025-01-26 22:00,M-01,Line A,Night,Bearing Kit,121,115,5,15.5,402.8,Pass
2025-01-27 06:00,M-11,Line B,Day,Control Panel,85,76,1,18.7,393.9,Review
2025-01-27 14:00,M-11,Line B,Evening,Bearing Kit,91,76,1,3.9,418.4,Review
2025-01-27 22:00,M-05,Line B,Night,Bearing Kit,84,86,2,6.3,416.6,Pass
2025-01-28 06:00,M-11,Line B,Day,Sensor Module,139,135,5,10.3,413.7,Pass
2025-01-28 14:00,M-05,Line B,Evening,Sensor Module,96,78,4,31.5,382.8,Pass
2025-01-28 22:00,M-12,Line C,Night,Pump Housing,119,123,6,1.2,414.0,Pass
2025-01-29 06:00,M-11,Line B,Day,Pump Housing,143,126,3,28.6,387.3,Review
2025-01-29 14:00,M-09,Line C,Evening,Pump Housing,129,106,1,24.9,410.2,Review
2025-01-29 22:00,M-06,Line C,Night,Sensor Module,114,105,5,22.9,388.3,Pass
2025-01-30 06:00,M-08,Line B,Day,Sensor Module,141,128,3,8.0,424.6,Pass
2025-01-30 14:00,M-10,Line A,Evening,Bearing Kit,109,97,4,26.9,383.4,Pass
2025-01-30 22:00,M-08,Line B,Night,Valve Assembly,96,97,2,0.0,419.8,Review
2025-01-31 06:00,M-01,Line A,Day,Pump Housing,132,125,2,43.5,353.5,Review
2025-01-31 14:00,M-11,Line B,Evening,Valve Assembly,122,104,4,34.6,366.4,Hold
2025-01-31 22:00,M-01,Line A,Night,Sensor Module,88,74,1,20.0,418.1,Pass
2025-02-01 06:00,M-08,Line B,Day,Pump Housing,118,101,2,21.5,396.4,Hold
2025-02-01 14:00,M-07,Line A,Evening,Sensor Module,103,96,2,20.7,403.6,Pass
2025-02-01 22:00,M-04,Line A,Night,Bearing Kit,112,103,2,0.0,424.5,Pass
2025-02-02 06:00,M-08,Line B,Day,Control Panel,118,117,2,8.5,401.8,Review
2025-02-02 14:00,M-02,Line B,Evening,Pump Housing,128,113,6,1.5,411.6,Pass
2025-02-02 22:00,M-01,Line A,Night,Sensor Module,86,84,3,37.6,371.8,Pass
2025-02-03 06:00,M-04,Line A,Day,Pump Housing,112,111,4,8.2,394.6,Pass
2025-02-03 14:00,M-05,Line B,Evening,Bearing Kit,84,74,3,0.0,410.7,Pass
2025-02-03 22:00,M-09,Line C,Night,Control Panel,144,138,4,40.6,367.7,Pass
2025-02-04 06:00,M-02,Line B,Day,Bearing Kit,89,83,4,41.1,403.1,Hold
2025-02-04 14:00,M-06,Line C,Evening,Valve Assembly,130,121,4,35.3,386.0,Pass
2025-02-04 22:00,M-02,Line B,Night,Pump Housing,140,136,2,46.7,377.2,Review
2025-02-05 06:00,M-12,Line C,Day,Control Panel,132,95,1,129.2,293.2,Review
2025-02-05 14:00,M-08,Line B,Evening,Control Panel,133,128,6,0.0,409.9,Pass
2025-02-05 22:00,M-01,Line A,Night,Control Panel,107,90,3,0.0,430.2,Pass
2025-02-06 06:00,M-01,Line A,Day,Bearing Kit,115,103,4,20.6,405.1,Hold
2025-02-06 14:00,M-01,Line A,Evening,Valve Assembly,122,99,4,18.3,407.9,Pass
2025-02-06 22:00,M-04,Line A,Night,Control Panel,98,99,5,22.5,381.8,Pass
2025-02-07 06:00,M-02,Line B,Day,Valve Assembly,96,81,1,42.6,379.4,Review
2025-02-07 14:00,M-09,Line C,Evening,Valve Assembly,88,74,17,0.0,423.1,Pass
2025-02-07 22:00,M-12,Line C,Night,Sensor Module,118,109,3,0.0,428.1,Review
2025-02-08 06:00,M-12,Line C,Day,Bearing Kit,89,72,2,28.0,385.7,Pass
2025-02-08 14:00,M-07,Line A,Evening,Sensor Module,117,114,5,0.0,424.7,Hold
2025-02-08 22:00,M-12,Line C,Night,Pump Housing,135,123,3,8.4,414.2,Review
2025-02-09 06:00,M-06,Line C,Day,Control Panel,127,101,1,38.4,376.3,Pass
2025-02-09 14:00,M-03,Line C,Evening,Sensor Module,87,73,1,2.6,409.4,Review
2025-02-09 22:00,M-12,Line C,Night,Valve Assembly,116,99,3,7.5,405.9,Pass
2025-02-10 06:00,M-06,Line C,Day,Sensor Module,127,112,3,26.5,399.9,Hold
2025-02-10 14:00,M-10,Line A,Evening,Sensor Module,83,68,1,2.1,406.8,Pass
2025-02-10 22:00,M-06,Line C,Night,Valve Assembly,103,84,29,30.4,378.3,Pass
2025-02-11 06:00,M-07,Line A,Day,Bearing Kit,138,135,4,10.7,419.0,Pass
2025-02-11 14:00,M-03,Line C,Evening,Pump Housing,86,78,2,12.9,398.6,Hold
2025-02-11 22:00,M-02,Line B,Night,Control Panel,135,121,2,34.2,397.4,Hold
2025-02-12 06:00,M-01,Line A,Day,Valve Assembly,106,91,25,14.9,412.9,Pass
2025-02-12 14:00,M-03,Line C,Evening,Bearing Kit,109,91,4,0.0,420.0,Pass
2025-02-12 22:00,M-08,Line B,Night,Valve Assembly,120,109,21,1.8,411.0,Pass
2025-02-13 06:00,M-10,Line A,Day,Bearing Kit,126,114,3,41.0,391.2,Pass
2025-02-13 14:00,M-12,Line C,Evening,Control Panel,108,89,2,13.8,412.5,Pass
2025-02-13 22:00,M-06,Line C,Night,Pump Housing,110,90,3,26.6,399.0,Review
2025-02-14 06:00,M-08,Line B,Day,Sensor Module,137,141,3,5.9,391.6,Pass
2025-02-14 14:00,M-03,Line C,Evening,Bearing Kit,88,83,2,0.0,423.3,Review
2025-02-14 22:00,M-08,Line B,Night,Valve Assembly,87,89,1,10.2,417.0,Review
2025-02-15 06:00,M-08,Line B,Day,Sensor Module,85,75,2,0.0,426.8,Pass
2025-02-15 14:00,M-08,Line B,Evening,Valve Assembly,123,98,4,23.8,395.6,Hold
2025-02-15 22:00,M-09,Line C,Night,Sensor Module,100,99,4,0.0,440.3,Pass
2025-02-16 06:00,M-02,Line B,Day,Control Panel,92,92,4,5.1,410.7,Pass
2025-02-16 14:00,M-06,Line C,Evening,Valve Assembly,98,91,1,28.5,386.3,Pass
2025-02-16 22:00,M-05,Line B,Night,Sensor Module,128,123,6,10.2,401.4,Hold
2025-02-17 06:00,M-02,Line B,Day,Bearing Kit,145,124,6,9.4,419.3,Pass
2025-02-17 14:00,M-03,Line C,Evening,Pump Housing,89,82,3,11.0,429.3,Pass
2025-02-17 22:00,M-10,Line A,Night,Pump Housing,128,119,6,23.0,403.2,Pass
2025-02-18 06:00,M-07,Line A,Day,Control Panel,110,105,2,36.9,380.0,Review
2025-02-18 14:00,M-04,Line A,Evening,Control Panel,136,126,6,6.9,415.4,Hold
2025-02-18 22:00,M-03,Line C,Night,Control Panel,86,72,3,0.0,401.1,Pass
2025-02-19 06:00,M-02,Line B,Day,Pump Housing,114,95,4,2.0,422.5,Pass
2025-02-19 14:00,M-01,Line A,Evening,Bearing Kit,86,71,1,7.2,419.8,Pass
2025-02-19 22:00,M-12,Line C,Night,Control Panel,98,92,1,25.5,402.0,Review
2025-02-20 06:00,M-10,Line A,Day,Valve Assembly,90,89,3,27.7,393.3,Pass
2025-02-20 14:00,M-04,Line A,Evening,Control Panel,95,84,1,32.0,391.7,Hold
2025-02-20 22:00,M-09,Line C,Night,Valve Assembly,145,118,3,0.0,411.3,Pass
2025-02-21 06:00,M-11,Line B,Day,Valve Assembly,126,126,4,33.6,392.4,Review
2025-02-21 14:00,M-01,Line A,Evening,Bearing Kit,127,111,4,17.9,404.3,Hold
2025-02-21 22:00,M-12,Line C,Night,Control Panel,97,79,3,34.9,389.2,Review
2025-02-22 06:00,M-11,Line B,Day,Pump Housing,97,81,0,40.3,387.7,Pass
2025-02-22 14:00,M-06,Line C,Evening,Control Panel,145,120,4,0.0,433.2,Pass
2025-02-22 22:00,M-11,Line B,Night,Control Panel,114,108,5,27.5,400.6,Pass
2025-02-23 06:00,M-08,Line B,Day,Bearing Kit,127,120,1,33.1,380.3,Pass
2025-02-23 14:00,M-09,Line C,Evening,Control Panel,121,107,4,28.0,398.4,Review
2025-02-23 22:00,M-06,Line C,Night,Bearing Kit,85,76,2,13.5,380.3,Pass
2025-02-24 06:00,M-02,Line B,Day,Bearing Kit,126,104,5,0.0,418.4,Review
2025-02-24 14:00,M-01,Line A,Evening,Pump Housing,88,88,1,19.8,417.4,Review
2025-02-24 22:00,M-06,Line C,Night,Control Panel,136,120,4,19.5,384.9,Pass
2025-02-25 06:00,M-01,Line A,Day,Pump Housing,143,141,5,0.0,417.0,Hold
2025-02-25 14:00,M-05,Line B,Evening,Bearing Kit,105,102,3,37.7,398.7,Pass
2025-02-25 22:00,M-11,Line B,Night,Control Panel,88,74,3,7.0,409.9,Pass
2025-02-26 06:00,M-06,Line C,Day,Sensor Module,108,104,1,24.8,400.8,Pass
2025-02-26 14:00,M-08,Line B,Evening,Sensor Module,96,98,4,13.5,403.2,Review
2025-02-26 22:00,M-10,Line A,Night,Valve Assembly,96,89,2,37.8,379.2,Hold
2025-02-27 06:00,M-11,Line B,Day,Sensor Module,103,102,4,18.8,394.9,Pass
2025-02-27 14:00,M-03,Line C,Evening,Pump Housing,121,109,2,27.2,389.4,Pass
2025-02-27 22:00,M-11,Line B,Night,Sensor Module,115,103,1,26.4,400.8,Pass
2025-02-28 06:00,M-03,Line C,Day,Sensor Module,123,98,1,27.9,379.2,Hold
2025-02-28 14:00,M-05,Line B,Evening,Pump Housing,133,122,4,15.4,402.6,Pass
2025-02-28 22:00,M-11,Line B,Night,Bearing Kit,118,107,3,0.0,425.3,Pass
2025-03-01 06:00,M-06,Line C,Day,Control Panel,124,113,2,25.3,393.7,Pass
2025-03-01 14:00,M-08,Line B,Evening,Pump Housing,98,90,1,27.5,398.2,Pass
2025-03-01 22:00,M-06,Line C,Night,Sensor Module,120,108,5,21.0,405.6,Pass
2025-03-02 06:00,M-07,Line A,Day,Sensor Module,138,110,3,27.5,390.8,Review
2025-03-02 14:00,,Line B,Evening,Sensor Module,81,77,3,26.5,383.1,Review
2025-03-02 22:00,M-01,Line A,Night,Sensor Module,104,94,3,10.5,417.0,Hold
2025-03-03 06:00,M-11,Line B,Day,Sensor Module,95,96,3,22.4,401.5,Pass
2025-03-03 14:00,M-04,Line A,Evening,Sensor Module,145,129,4,101.7,320.3,Hold
2025-03-03 22:00,M-03,Line C,Night,Control Panel,120,101,2,40.4,410.9,Hold
2025-03-04 06:00,M-08,Line B,Day,Sensor Module,118,97,2,15.5,404.8,Pass
2025-03-04 14:00,M-10,Line A,Evening,Bearing Kit,113,102,4,41.9,373.8,Pass
2025-03-04 22:00,M-09,Line C,Night,Sensor Module,128,98,2,89.7,344.8,Review
2025-03-05 06:00,M-12,Line C,Day,Pump Housing,132,132,5,0.0,419.8,Hold
2025-03-05 14:00,M-04,Line A,Evening,Sensor Module,121,120,3,34.0,385.8,Hold
2025-03-05 22:00,M-06,Line C,Night,Control Panel,141,119,6,21.7,406.7,Pass
2025-03-06 06:00,M-12,Line C,Day,Pump Housing,142,139,3,12.7,417.4,Hold
2025-03-06 14:00,M-07,Line A,Evening,Bearing Kit,124,104,4,42.3,371.6,Review
2025-03-06 22:00,M-11,Line B,Night,Control Panel,141,129,2,23.9,418.0,Hold
2025-03-07 06:00,M-04,Line A,Day,Pump Housing,86,70,2,9.7,397.4,Pass
2025-03-07 14:00,M-11,Line B,Evening,Pump Housing,80,72,3,55.7,357.0,Pass
2025-03-07 22:00,M-05,Line B,Night,Control Panel,116,109,3,0.0,399.2,Pass
2025-03-08 06:00,M-03,Line C,Day,Bearing Kit,102,99,1,21.5,397.2,Pass
2025-03-08 14:00,M-01,Line A,Evening,Valve Assembly,118,102,5,11.9,405.7,Review
2025-03-08 22:00,M-03,Line C,Night,Sensor Module,139,134,5,14.4,427.2,Pass
2025-03-09 06:00,M-12,Line C,Day,Control Panel,117,117,5,0.0,411.7,Hold
2025-03-09 14:00,M-06,Line C,Evening,Valve Assembly,131,114,2,13.7,399.6,Pass
2025-03-09 22:00,M-08,Line B,Night,Control Panel,122,106,1,101.8,336.4,Pass
2025-03-10 06:00,M-03,Line C,Day,Bearing Kit,144,133,5,43.9,364.4,Pass
2025-03-10 14:00,M-10,Line A,Evening,Pump Housing,108,108,2,33.4,383.0,Review
2025-03-10 22:00,M-09,Line C,Night,Pump Housing,111,102,3,10.0,395.4,Hold
2025-03-11 06:00,M-02,Line B,Day,Valve Assembly,144,141,4,23.1,411.1,Hold
2025-03-11 14:00,M-08,Line B,Evening,Valve Assembly,145,130,4,13.5,407.9,Pass
2025-03-11 22:00,M-12,Line C,Night,Valve Assembly,130,106,3,18.0,402.9,Hold
2025-03-12 06:00,M-01,Line A,Day,Valve Assembly,140,133,7,32.1,390.3,Review
2025-03-12 14:00,M-06,Line C,Evening,Bearing Kit,137,127,5,38.8,362.1,Pass
2025-03-12 22:00,M-02,Line B,Night,Pump Housing,130,106,1,0.0,416.5,Hold
2025-03-13 06:00,M-07,Line A,Day,Sensor Module,128,109,5,22.7,389.2,Pass
2025-03-13 14:00,M-01,Line A,Evening,Bearing Kit,82,73,2,18.3,406.2,Pass
2025-03-13 22:00,M-12,Line C,Night,Valve Assembly,131,129,2,1.8,423.8,Pass
2025-03-14 06:00,M-12,Line C,Day,Sensor Module,120,104,5,0.0,410.3,Hold
2025-03-14 14:00,M-04,Line A,Evening,Bearing Kit,118,114,2,15.2,419.9,Hold
2025-03-14 22:00,M-08,Line B,Night,Valve Assembly,124,105,3,37.5,376.1,Review
2025-03-15 06:00,M-03,Line C,Day,Sensor Module,140,116,3,18.6,410.0,Review
2025-03-15 14:00,M-07,Line A,,Sensor Module,97,80,2,9.8,416.1,Hold
2025-03-15 22:00,M-12,Line C,Night,Pump Housing,86,85,1,15.6,422.2,Hold
2025-03-16 06:00,M-04,Line A,Day,Bearing Kit,106,84,4,26.6,385.5,Pass
2025-03-16 14:00,M-12,Line C,Evening,Bearing Kit,111,95,2,10.7,391.7,Review
2025-03-16 22:00,M-09,Line C,Night,Control Panel,119,98,5,16.8,417.6,Pass
2025-03-17 06:00,M-04,Line A,Day,Control Panel,120,101,2,2.6,425.3,Hold
2025-03-17 14:00,M-12,Line C,Evening,Bearing Kit,117,114,3,25.2,403.6,Pass
2025-03-17 22:00,M-05,Line B,Night,Bearing Kit,142,120,4,0.0,424.7,Hold
2025-03-18 06:00,M-11,Line B,Day,Valve Assembly,84,68,0,20.9,395.1,Pass
2025-03-18 14:00,M-02,Line B,Evening,Pump Housing,81,76,3,21.0,412.0,Review
2025-03-18 22:00,M-01,Line A,Night,Valve Assembly,132,131,1,35.1,386.0,Review
2025-03-19 06:00,M-03,Line C,Day,Valve Assembly,92,79,2,7.7,410.9,Pass
2025-03-19 14:00,M-06,Line C,Evening,Bearing Kit,138,133,6,0.0,405.5,Pass
2025-03-19 22:00,M-02,Line B,Night,Bearing Kit,128,123,1,6.6,422.9,Pass
2025-03-20 06:00,M-10,Line A,Day,Valve Assembly,85,78,1,21.8,423.8,Pass
2025-03-20 14:00,M-09,Line C,Evening,Sensor Module,84,71,3,100.7,340.4,Review
2025-03-20 22:00,M-02,Line B,Night,Control Panel,100,96,3,1.3,412.6,Pass
2025-03-21 06:00,M-12,Line C,Day,Valve Assembly,144,122,1,17.6,391.3,Hold
2025-03-21 14:00,M-10,Line A,Evening,Bearing Kit,121,108,2,29.0,392.8,Review
2025-03-21 22:00,M-03,Line C,Night,Sensor Module,128,120,1,34.7,393.8,Pass
2025-03-22 06:00,M-12,Line C,Day,Bearing Kit,120,108,4,14.1,409.9,Pass
2025-03-22 14:00,M-03,Line C,Evening,Bearing Kit,137,114,3,2.3,412.7,Pass
2025-03-22 22:00,M-07,Line A,Night,Valve Assembly,117,110,6,0.0,430.8,Hold
2025-03-23 06:00,M-03,Line C,Day,Bearing Kit,101,81,2,25.6,402.2,Review
2025-03-23 14:00,M-02,Line B,Evening,Control Panel,112,102,3,39.0,374.4,Pass
2025-03-23 22:00,M-07,Line A,Night,Control Panel,128,125,6,22.2,387.7,Pass
2025-03-24 06:00,M-05,Line B,Day,Control Panel,105,92,3,9.3,411.7,Hold
2025-03-24 14:00,M-04,Line A,Evening,Control Panel,128,129,2,13.3,427.4,Pass
2025-03-24 22:00,M-11,Line B,Night,Sensor Module,83,73,1,32.9,383.2,Review
2025-03-25 06:00,M-11,Line B,Day,Bearing Kit,97,93,4,11.0,402.4,Hold
2025-03-25 14:00,M-08,Line B,Evening,Sensor Module,131,119,1,0.0,414.2,Hold
2025-03-25 22:00,M-10,Line A,Night,Valve Assembly,93,87,1,20.4,382.2,Review
2025-03-26 06:00,M-06,Line C,Day,Bearing Kit,93,84,3,28.8,391.8,Review
2025-03-26 14:00,M-06,Line C,Evening,Bearing Kit,139,121,1,20.6,383.6,Review
2025-03-26 22:00,M-02,Line B,Night,Valve Assembly,98,90,2,10.6,418.4,Review
2025-03-27 06:00,M-06,Line C,Day,Valve Assembly,118,99,4,127.2,298.0,Pass
2025-03-27 14:00,M-09,Line C,Evening,Pump Housing,100,98,3,10.8,420.2,Review
2025-03-27 22:00,M-07,Line A,Night,Valve Assembly,105,82,19,75.9,348.1,Pass
2025-03-28 06:00,M-10,Line A,Day,Valve Assembly,103,98,3,11.8,414.1,Pass
2025-03-28 14:00,M-10,Line A,Evening,Bearing Kit,130,123,5,6.9,407.3,Pass
2025-03-28 22:00,M-10,Line A,Night,Sensor Module,90,75,2,12.3,398.5,Review
2025-03-29 06:00,M-07,Line A,Day,Sensor Module,97,90,4,4.9,409.4,Pass
2025-03-29 14:00,M-09,Line C,Evening,Pump Housing,142,133,6,15.8,411.7,Review
2025-03-29 22:00,M-03,Line C,Night,Pump Housing,129,120,3,34.2,382.6,Review
2025-03-30 06:00,M-03,Line C,Day,Valve Assembly,83,70,1,93.8,318.1,Review
2025-03-30 14:00,M-09,Line C,Evening,Sensor Module,94,96,3,8.1,407.7,Review
2025-03-30 22:00,M-09,Line C,Night,Pump Housing,134,113,6,39.1,394.5,Pass
2025-03-31 06:00,M-02,Line B,Day,Bearing Kit,95,88,2,19.7,391.6,Review
2025-03-31 14:00,M-03,Line C,Evening,Sensor Module,97,89,3,23.6,374.9,Pass
2025-03-31 22:00,M-06,Line C,Night,Control Panel,117,119,5,0.0,406.9,Review
2025-04-01 06:00,M-01,Line A,Day,Control Panel,96,84,1,15.8,398.1,Review
2025-04-01 14:00,M-08,Line B,Evening,Pump Housing,114,112,4,8.6,403.0,Pass
2025-04-01 22:00,M-12,Line C,Night,Control Panel,138,123,3,85.9,330.8,Pass
2025-04-02 06:00,M-02,Line B,Day,Sensor Module,130,111,5,21.0,411.5,Hold
2025-04-02 14:00,M-03,Line C,Evening,Sensor Module,142,114,4,25.1,370.2,Pass
2025-04-02 22:00,M-02,Line B,Night,Pump Housing,136,141,7,0.0,430.0,Pass
2025-04-03 06:00,M-03,Line C,Day,Control Panel,91,91,1,12.0,400.5,Pass
2025-04-03 14:00,M-12,Line C,Evening,Pump Housing,134,97,3,111.8,292.7,Review
2025-04-03 22:00,M-01,Line A,Night,Valve Assembly,123,100,1,35.1,352.3,Pass
2025-04-04 06:00,M-02,Line B,Day,Control Panel,127,122,1,23.6,392.0,Pass
2025-04-04 14:00,M-02,Line B,Evening,Sensor Module,81,69,3,11.6,403.8,Hold
2025-04-04 22:00,M-11,Line B,Night,Bearing Kit,107,99,2,23.5,399.4,Pass
2025-04-05 06:00,M-03,Line C,Day,Pump Housing,115,111,2,11.5,401.4,Pass
2025-04-05 14:00,M-11,Line B,Evening,Control Panel,106,93,1,1.4,417.0,Pass
2025-04-05 22:00,M-08,Line B,Night,Bearing Kit,94,93,0,19.1,418.0,Pass
2025-04-06 06:00,M-03,Line C,Day,Bearing Kit,133,136,18,3.9,429.7,Pass
2025-04-06 14:00,M-05,Line B,Evening,Pump Housing,85,70,2,48.2,358.1,Review
2025-04-06 22:00,M-12,Line C,Night,Bearing Kit,90,74,1,7.0,401.5,Pass
2025-04-07 06:00,M-09,Line C,Day,Control Panel,130,124,2,0.0,409.5,Pass
2025-04-07 14:00,M-01,Line A,Evening,Pump Housing,91,73,2,24.2,393.1,Pass
2025-04-07 22:00,M-02,Line B,Night,Valve Assembly,97,89,4,15.5,397.7,Pass
2025-04-08 06:00,M-06,Line C,Day,Pump Housing,114,99,2,17.2,396.8,Pass
2025-04-08 14:00,M-12,Line C,Evening,Sensor Module,89,65,1,118.3,302.0,Hold
2025-04-08 22:00,M-11,Line B,Night,Valve Assembly,109,87,1,17.9,401.2,Pass
2025-04-09 06:00,M-03,Line C,Day,Valve Assembly,133,115,5,19.7,409.2,Pass
2025-04-09 14:00,M-09,Line C,Evening,Valve Assembly,102,73,2,116.8,317.4,Pass
2025-04-09 22:00,M-06,Line C,Night,Valve Assembly,138,118,4,27.4,393.0,Hold
2025-04-10 06:00,M-08,Line B,Day,Pump Housing,111,86,4,151.0,291.6,Pass
2025-04-10 14:00,M-01,Line A,Evening,Bearing Kit,119,106,1,31.7,397.3,Pass
2025-04-10 22:00,M-02,Line B,Night,Valve Assembly,109,94,5,31.5,379.8,Pass
2025-04-11 06:00,M-09,Line C,Day,Pump Housing,130,129,2,34.2,392.8,Pass
2025-04-11 14:00,M-07,Line A,Evening,Control Panel,120,101,4,8.2,414.4,Pass
2025-04-11 22:00,M-03,Line C,Night,Bearing Kit,139,135,4,15.2,410.4,Pass
2025-04-12 06:00,M-02,Line B,Day,Pump Housing,0,87,3,114.0,289.6,Review
2025-04-12 14:00,M-09,Line C,Evening,Valve Assembly,118,105,3,111.3,345.3,Pass
2025-04-12 22:00,M-08,Line B,Night,Valve Assembly,97,82,1,21.6,401.4,Pass
2025-04-13 06:00,M-10,Line A,Day,Sensor Module,113,94,3,22.8,394.9,Pass
2025-04-13 14:00,M-06,Line C,Evening,Valve Assembly,85,75,3,22.2,396.4,Review
2025-04-13 22:00,M-11,Line B,Night,Bearing Kit,102,93,1,0.0,440.8,Hold
2025-04-14 06:00,M-04,Line A,Day,Control Panel,143,125,2,2.9,425.1,Hold
2025-04-14 14:00,M-04,Line A,Evening,Sensor Module,82,73,2,42.4,376.2,Hold
2025-04-14 22:00,M-06,Line C,Night,Bearing Kit,114,113,5,23.2,406.3,Review
2025-04-15 06:00,M-09,Line C,Day,Control Panel,109,93,4,24.3,394.8,Pass
2025-04-15 14:00,M-04,Line A,Evening,Sensor Module,129,110,4,1.6,436.5,Pass
2025-04-15 22:00,M-10,Line A,Night,Valve Assembly,125,103,5,35.1,379.9,Review
2025-04-16 06:00,M-09,Line C,Day,Control Panel,102,87,18,11.9,408.4,Pass
2025-04-16 14:00,M-06,Line C,Evening,Pump Housing,121,99,1,25.4,397.1,Pass
2025-04-16 22:00,M-02,Line B,Night,Control Panel,130,133,5,7.1,407.3,Review
2025-04-17 06:00,M-11,Line B,Day,Control Panel,102,96,2,13.2,391.9,Pass
2025-04-17 14:00,M-07,Line A,Evening,Control Panel,117,116,3,33.8,400.1,Hold
2025-04-17 22:00,M-01,Line A,Night,Pump Housing,120,107,5,50.2,354.8,Pass
2025-04-18 06:00,M-04,Line A,Day,Control Panel,120,113,4,32.4,409.3,Review
2025-04-18 14:00,M-01,Line A,Evening,Control Panel,106,87,0,18.0,406.5,Review
2025-04-18 22:00,M-03,Line C,Night,Bearing Kit,143,139,6,27.6,384.8,Pass
2025-04-19 06:00,M-03,Line C,Day,Bearing Kit,89,82,1,97.1,319.9,Review
2025-04-19 14:00,M-03,Line C,Evening,Valve Assembly,91,88,2,0.0,449.7,Hold
2025-04-19 22:00,M-07,Line A,Night,Pump Housing,86,81,3,25.6,399.2,Pass
2025-04-20 06:00,M-11,Line B,Day,Control Panel,118,116,1,18.3,405.5,Review
2025-04-20 14:00,M-02,Line B,Evening,Control Panel,141,121,1,19.0,403.6,Pass
2025-04-20 22:00,M-07,Line A,Night,Bearing Kit,142,124,3,26.7,387.5,Pass
2025-04-21 06:00,M-08,Line B,Day,Valve Assembly,113,105,1,7.8,415.7,Pass
2025-04-21 14:00,M-02,Line B,Evening,Control Panel,132,127,5,36.4,380.7,Hold
2025-04-21 22:00,M-11,Line B,Night,Bearing Kit,110,106,3,12.4,408.3,Hold
2025-04-22 06:00,M-11,Line B,Day,Sensor Module,98,98,5,215.1,398.7,Pass
2025-04-22 14:00,M-01,Line A,Evening,Bearing Kit,90,83,3,32.9,386.2,Pass
2025-04-22 22:00,M-02,Line B,Night,Bearing Kit,130,132,1,0.0,412.4,Hold
2025-04-23 06:00,M-09,Line C,Day,Bearing Kit,94,91,4,11.2,412.3,Hold
2025-04-23 14:00,M-02,Line B,Evening,Control Panel,124,114,3,25.9,387.6,Review
2025-04-23 22:00,M-03,Line C,Night,Sensor Module,131,108,4,46.5,379.6,Pass
2025-04-24 06:00,M-01,Line A,Day,Control Panel,118,113,6,7.9,433.5,Pass
2025-04-24 14:00,M-12,Line C,Evening,Bearing Kit,121,102,1,16.2,416.2,Review
2025-04-24 22:00,M-09,Line C,Night,Control Panel,87,80,1,9.8,409.5,Hold
2025-04-25 06:00,M-01,Line A,Day,Pump Housing,104,88,4,73.6,340.7,Pass
2025-04-25 14:00,M-06,Line C,Evening,Bearing Kit,144,125,3,0.0,436.4,Review
2025-04-25 22:00,M-10,Line A,Night,Sensor Module,124,123,12,3.1,435.9,Pass
2025-04-26 06:00,M-10,Line A,Day,Pump Housing,108,97,1,5.3,400.3,Pass
2025-04-26 14:00,M-08,Line B,Evening,Pump Housing,102,100,2,16.5,402.6,Pass
2025-04-26 22:00,M-07,Line A,Night,Bearing Kit,124,114,4,8.5,413.6,Pass
2025-04-27 06:00,M-09,Line C,Day,Control Panel,116,118,4,16.0,409.5,Pass
2025-04-27 14:00,M-11,Line B,Evening,Control Panel,104,100,4,32.0,404.5,Pass
2025-04-27 22:00,M-11,Line B,Night,Pump Housing,83,75,30,0.0,385.6,Pass
2025-04-28 06:00,M-06,Line C,Day,Pump Housing,140,135,6,35.4,374.7,Pass
2025-04-28 14:00,M-05,Line B,Evening,Valve Assembly,140,134,2,25.5,401.2,Pass
2025-04-28 22:00,M-11,Line B,Night,Valve Assembly,108,106,2,3.8,431.8,Pass
2025-04-29 06:00,M-08,Line B,Day,Valve Assembly,140,128,3,36.7,388.9,Pass
2025-04-29 14:00,M-11,Line B,Evening,Bearing Kit,118,122,3,0.0,432.6,Review
2025-04-29 22:00,M-03,Line C,Night,Control Panel,103,86,21,20.9,385.5,Pass
2025-04-30 06:00,M-03,Line C,Day,Sensor Module,100,95,3,0.0,421.3,Review
2025-04-30 14:00,M-07,Line A,Evening,Valve Assembly,84,85,3,0.0,415.9,Pass
2025-04-30 22:00,M-11,Line B,Night,Valve Assembly,111,91,2,22.3,422.0,Pass
2025-05-01 06:00,M-01,Line A,Day,Control Panel,117,106,4,1.7,422.3,Review
2025-05-01 14:00,M-06,Line C,Evening,Pump Housing,101,83,3,47.7,363.7,Pass
2025-05-01 22:00,M-10,Line A,Night,Sensor Module,101,87,3,33.8,399.4,Hold
2025-05-02 06:00,M-01,Line A,Day,Sensor Module,86,72,1,66.3,338.8,Review
2025-05-02 14:00,M-12,Line C,Evening,Pump Housing,106,101,4,11.3,392.8,Hold
2025-05-02 22:00,M-12,Line C,Night,Pump Housing,133,109,1,21.2,393.9,Pass
2025-05-03 06:00,M-10,Line A,Day,Pump Housing,113,98,1,36.4,355.5,Pass
2025-05-03 14:00,M-12,Line C,Evening,Bearing Kit,122,100,3,18.2,403.7,Pass
2025-05-03 22:00,M-09,Line C,Night,Valve Assembly,92,92,2,34.6,375.7,Pass
2025-05-04 06:00,M-01,Line A,Day,Control Panel,126,103,4,21.9,388.2,Pass
2025-05-04 14:00,M-11,Line B,Evening,Pump Housing,122,122,1,8.6,421.4,Pass
2025-05-04 22:00,M-02,Line B,Night,Bearing Kit,131,128,5,28.8,389.0,Pass
2025-05-05 06:00,M-02,Line B,Day,Pump Housing,87,84,2,44.8,372.5,Review
2025-05-05 14:00,M-03,Line C,Evening,Sensor Module,128,126,5,21.5,382.3,Review
2025-05-05 22:00,M-08,Line B,Night,Valve Assembly,132,106,5,13.3,408.3,Hold
2025-05-06 06:00,M-12,Line C,Day,Sensor Module,108,96,3,38.6,378.9,Pass
2025-05-06 14:00,M-08,Line B,Evening,Control Panel,129,118,1,33.6,404.5,Hold
2025-05-06 22:00,M-08,Line B,Night,Bearing Kit,101,101,1,32.5,393.8,Review
2025-05-07 06:00,M-07,Line A,Day,Pump Housing,90,90,2,0.0,425.5,Review
2025-05-07 14:00,M-12,Line C,Evening,Valve Assembly,93,91,4,14.9,406.9,Pass
2025-05-07 22:00,M-09,Line C,Night,Sensor Module,106,105,4,9.3,399.8,Pass
2025-05-08 06:00,M-09,Line C,Day,Sensor Module,140,115,25,15.2,393.6,Pass
2025-05-08 14:00,M-09,Line C,Evening,Sensor Module,127,105,4,16.7,399.8,Pass
2025-05-08 22:00,M-05,Line B,Night,Sensor Module,105,93,4,30.4,415.2,Pass
2025-05-09 06:00,M-07,Line A,Day,Valve Assembly,95,95,1,20.1,386.9,Hold
2025-05-09 14:00,M-12,Line C,Evening,Valve Assembly,135,134,2,26.5,381.8,Pass
2025-05-09 22:00,M-02,Line B,Night,Bearing Kit,121,123,5,4.2,415.5,Pass
2025-05-10 06:00,M-05,Line B,Day,Bearing Kit,97,87,4,30.3,402.1,Pass
2025-05-10 14:00,M-12,Line C,Evening,Sensor Module,107,93,3,23.9,412.1,Pass
2025-05-10 22:00,M-09,Line C,,Sensor Module,121,113,5,12.2,388.1,Hold
2025-05-11 06:00,M-05,Line B,Day,Bearing Kit,81,77,1,14.9,404.7,Pass
2025-05-11 14:00,M-05,Line B,Evening,Control Panel,98,93,1,29.4,375.0,Pass
2025-05-11 22:00,M-10,Line A,Night,Sensor Module,108,105,4,17.1,387.5,Pass
2025-05-12 06:00,M-07,Line A,Day,Bearing Kit,133,117,1,54.8,356.4,Hold
2025-05-12 14:00,M-08,Line B,Evening,Pump Housing,127,123,6,18.6,386.3,Pass
2025-05-12 22:00,M-11,Line B,Night,Valve Assembly,103,81,1,40.2,375.2,Pass
2025-05-13 06:00,M-10,Line A,Day,Control Panel,80,67,1,7.3,429.2,Hold
2025-05-13 14:00,M-11,Line B,Evening,Control Panel,142,135,4,22.4,382.9,Hold
2025-05-13 22:00,M-02,Line B,Night,Sensor Module,100,86,1,3.0,424.5,Pass
2025-05-14 06:00,M-05,Line B,Day,Pump Housing,140,108,4,44.1,375.4,Hold
2025-05-14 14:00,M-10,Line A,Evening,Pump Housing,85,86,2,12.9,397.5,Pass
2025-05-14 22:00,M-01,Line A,Night,Sensor Module,127,112,4,1.4,417.3,Pass
2025-05-15 06:00,,Line B,Day,Pump Housing,80,68,2,11.3,402.8,Pass
2025-05-15 14:00,M-09,Line C,Evening,Bearing Kit,89,77,1,17.8,395.3,Pass
2025-05-15 22:00,M-09,Line C,Night,Valve Assembly,109,95,2,30.1,383.4,Pass
2025-05-16 06:00,M-09,Line C,Day,Valve Assembly,88,71,3,18.7,385.4,Pass
2025-05-16 14:00,M-10,Line A,Evening,Valve Assembly,116,109,3,19.4,387.8,Pass
2025-05-16 22:00,M-12,Line C,Night,Bearing Kit,117,116,5,25.6,392.7,Pass
2025-05-17 06:00,M-01,Line A,Day,Sensor Module,98,90,4,19.0,401.8,Pass
2025-05-17 14:00,M-04,Line A,Evening,Bearing Kit,145,123,1,23.6,402.4,Hold
2025-05-17 22:00,M-01,Line A,Night,Sensor Module,139,119,2,14.6,401.7,Pass
2025-05-18 06:00,M-06,Line C,Day,Pump Housing,110,94,2,33.7,396.1,Pass
2025-05-18 14:00,M-12,Line C,Evening,Sensor Module,99,89,0,5.8,409.6,Pass
2025-05-18 22:00,M-12,Line C,Night,Bearing Kit,115,113,3,22.0,392.6,Pass
2025-05-19 06:00,M-08,Line B,Day,Sensor Module,93,91,1,26.6,408.0,Pass
2025-05-19 14:00,M-12,Line C,Evening,Valve Assembly,89,85,3,39.2,366.2,Pass
2025-05-19 22:00,M-01,Line A,Night,Sensor Module,113,111,2,0.0,408.2,Hold
2025-05-20 06:00,M-12,Line C,Day,Control Panel,97,90,3,1.7,421.5,Hold
2025-05-20 14:00,M-11,Line B,Evening,Pump Housing,145,133,6,23.2,402.3,Review
2025-05-20 22:00,M-06,Line C,Night,Valve Assembly,108,92,3,18.7,392.6,Pass
2025-05-21 06:00,M-07,Line A,Day,Bearing Kit,138,113,6,20.9,396.8,Pass
2025-05-21 14:00,M-12,Line C,Evening,Control Panel,102,102,1,8.2,420.0,Pass
2025-05-21 22:00,M-09,Line C,Night,Bearing Kit,125,123,1,23.3,386.6,Review
2025-05-22 06:00,M-03,Line C,Day,Pump Housing,89,75,2,6.7,412.4,Pass
2025-05-22 14:00,M-07,Line A,Evening,Control Panel,94,80,14,2.1,419.5,Pass
2025-05-22 22:00,M-10,Line A,Night,Sensor Module,100,82,1,29.1,401.7,Hold
2025-05-23 06:00,M-07,Line A,Day,Sensor Module,82,81,1,34.3,372.3,Review
2025-05-23 14:00,M-08,Line B,Evening,Pump Housing,108,105,1,27.2,378.6,Pass
2025-05-23 22:00,M-03,Line C,Night,Control Panel,138,115,1,13.7,403.7,Hold
2025-05-24 06:00,M-11,Line B,Day,Bearing Kit,99,93,4,11.1,404.3,Pass
2025-05-24 14:00,M-02,Line B,Evening,Bearing Kit,96,78,2,132.2,279.2,Hold
2025-05-24 22:00,M-07,Line A,Night,Pump Housing,141,135,5,21.4,387.2,Pass
2025-05-25 06:00,M-07,Line A,Day,Pump Housing,112,97,4,7.9,413.3,Pass
2025-05-25 14:00,M-01,Line A,Evening,Valve Assembly,95,94,2,4.5,414.1,Review
2025-05-25 22:00,M-11,Line B,Night,Sensor Module,112,105,5,16.8,418.0,Pass
2025-05-26 06:00,M-07,Line A,Day,Sensor Module,141,142,5,25.8,408.0,Review
2025-05-26 14:00,M-12,Line C,Evening,Pump Housing,95,79,1,17.8,389.1,Pass
2025-05-26 22:00,M-09,Line C,Night,Sensor Module,86,78,2,93.2,353.1,Pass
2025-05-27 06:00,M-02,Line B,Day,Control Panel,108,110,3,4.8,427.1,Pass
2025-05-27 14:00,M-12,Line C,Evening,Sensor Module,87,76,1,42.4,370.2,Hold
2025-05-27 22:00,M-05,Line B,Night,Pump Housing,84,78,3,21.5,384.5,Pass
2025-05-28 06:00,M-03,Line C,Day,Valve Assembly,0,106,3,20.4,388.6,Pass
2025-05-28 14:00,M-02,Line B,Evening,Sensor Module,116,102,4,15.3,389.5,Pass
2025-05-28 22:00,M-08,Line B,Night,Bearing Kit,80,65,1,17.0,415.2,Hold
2025-05-29 06:00,M-05,Line B,Day,Sensor Module,112,110,4,5.5,385.2,Review
2025-05-29 14:00,M-11,Line B,Evening,Bearing Kit,83,81,1,7.3,413.7,Pass
2025-05-29 22:00,M-07,Line A,Night,Control Panel,81,72,3,14.7,396.4,Hold
2025-05-30 06:00,M-03,Line C,Day,Bearing Kit,120,123,5,0.0,440.2,Review
2025-05-30 14:00,M-12,Line C,Evening,Pump Housing,110,93,1,15.4,380.3,Pass
2025-05-30 22:00,M-02,Line B,Night,Valve Assembly,90,88,3,8.7,395.5,Review
2025-05-31 06:00,M-06,Line C,Day,Sensor Module,120,121,3,0.0,421.7,Hold
2025-05-31 14:00,M-05,Line B,Evening,Bearing Kit,108,96,26,18.0,395.7,Review
2025-05-31 22:00,M-11,Line B,Night,Pump Housing,138,128,1,39.4,377.9,Hold
2025-06-01 06:00,M-02,Line B,Day,Control Panel,126,108,3,9.8,404.1,Pass
2025-06-01 14:00,M-03,Line C,Evening,Bearing Kit,134,131,2,23.3,414.8,Pass
2025-06-01 22:00,M-10,Line A,,Pump Housing,92,91,1,13.4,385.3,Pass
2025-06-02 06:00,M-08,Line B,Day,Valve Assembly,102,96,3,11.4,411.7,Review
2025-06-02 14:00,M-05,Line B,Evening,Control Panel,86,85,2,0.8,430.2,Review
2025-06-02 22:00,M-12,Line C,Night,Control Panel,113,98,1,6.5,425.3,Hold
2025-06-03 06:00,M-04,Line A,Day,Sensor Module,102,92,4,29.4,389.3,Pass
2025-06-03 14:00,M-07,Line A,Evening,Sensor Module,116,111,5,0.0,426.8,Hold
2025-06-03 22:00,M-10,Line A,Night,Bearing Kit,89,83,3,29.3,396.0,Review
2025-06-04 06:00,M-05,Line B,Day,Bearing Kit,126,105,5,17.8,387.6,Pass
2025-06-04 14:00,M-11,Line B,Evening,Control Panel,90,90,2,21.5,410.2,Review
2025-06-04 22:00,M-09,Line C,Night,Valve Assembly,93,92,2,17.4,409.5,Pass
2025-06-05 06:00,M-08,Line B,Day,Pump Housing,96,87,2,99.6,319.2,Hold
2025-06-05 14:00,M-05,Line B,Evening,Sensor Module,136,123,3,40.5,401.4,Hold
2025-06-05 22:00,M-07,Line A,Night,Sensor Module,119,96,2,31.5,381.1,Pass
2025-06-06 06:00,M-05,Line B,Day,Valve Assembly,80,70,2,0.0,417.0,Review
2025-06-06 14:00,M-08,Line B,Evening,Control Panel,81,78,2,20.5,378.1,Hold
2025-06-06 22:00,M-07,Line A,Night,Bearing Kit,111,96,2,29.9,406.9,Pass
2025-06-07 06:00,M-09,Line C,Day,Sensor Module,114,102,4,13.0,426.3,Pass
2025-06-07 14:00,M-02,Line B,Evening,Bearing Kit,137,110,1,15.3,421.3,Pass
2025-06-07 22:00,M-02,Line B,Night,Control Panel,114,87,2,84.6,344.5,Pass
2025-06-08 06:00,M-08,Line B,Day,Control Panel,139,134,2,16.8,400.3,Review
2025-06-08 14:00,M-02,Line B,Evening,Sensor Module,140,122,1,30.4,412.8,Pass
2025-06-08 22:00,M-07,Line A,Night,Bearing Kit,111,107,3,17.7,399.2,Review
2025-06-09 06:00,M-07,Line A,Day,Control Panel,121,110,1,30.3,406.0,Pass
2025-06-09 14:00,M-04,Line A,Evening,Control Panel,86,80,1,24.4,389.2,Pass
2025-06-09 22:00,M-10,Line A,Night,Valve Assembly,130,110,1,123.5,294.9,Pass
2025-06-10 06:00,M-03,Line C,Day,Bearing Kit,91,88,1,13.0,397.0,Pass
2025-06-10 14:00,M-12,Line C,Evening,Sensor Module,93,90,3,25.2,401.0,Review
2025-06-10 22:00,M-12,Line C,Night,Pump Housing,82,82,2,13.1,396.4,Pass
2025-06-11 06:00,M-09,Line C,Day,Bearing Kit,104,95,4,2.0,411.9,Hold
2025-06-11 14:00,M-03,Line C,Evening,Valve Assembly,99,91,4,0.0,426.9,Pass
2025-06-11 22:00,M-01,Line A,Night,Sensor Module,126,119,4,19.7,391.6,Hold
2025-06-12 06:00,M-11,Line B,Day,Bearing Kit,99,82,2,8.6,404.5,Pass
2025-06-12 14:00,M-03,Line C,Evening,Valve Assembly,105,88,2,299.1,305.8,Pass
2025-06-12 22:00,M-01,Line A,Night,Control Panel,108,92,2,13.8,403.4,Pass
2025-06-13 06:00,M-08,Line B,Day,Valve Assembly,126,113,4,0.0,409.9,Pass
2025-06-13 14:00,M-09,Line C,Evening,Valve Assembly,89,81,1,20.9,394.9,Review
2025-06-13 22:00,M-04,Line A,Night,Pump Housing,111,104,4,0.0,407.6,Hold
2025-06-14 06:00,M-06,Line C,Day,Bearing Kit,134,118,2,24.3,390.8,Hold
2025-06-14 14:00,M-08,Line B,Evening,Control Panel,120,109,4,0.0,407.4,Pass
2025-06-14 22:00,M-10,Line A,Night,Pump Housing,107,95,2,5.5,425.2,Pass
2025-06-15 06:00,M-12,Line C,Day,Valve Assembly,116,102,2,4.1,407.7,Pass
2025-06-15 14:00,M-01,Line A,Evening,Control Panel,145,120,3,0.0,410.5,Pass
2025-06-15 22:00,M-10,Line A,Night,Pump Housing,109,101,1,17.5,412.6,Pass
2025-06-16 06:00,M-08,Line B,Day,Pump Housing,142,140,5,27.8,375.9,Hold
2025-06-16 14:00,M-07,Line A,Evening,Valve Assembly,87,77,18,29.1,385.8,Pass
2025-06-16 22:00,M-12,Line C,Night,Sensor Module,81,57,1,116.8,290.5,Hold
2025-06-17 06:00,M-12,Line C,Day,Pump Housing,99,86,3,39.6,386.5,Pass
2025-06-17 14:00,M-07,Line A,Evening,Control Panel,130,124,4,25.6,403.1,Review
2025-06-17 22:00,M-09,Line C,Night,Bearing Kit,96,85,3,19.2,387.1,Hold
2025-06-18 06:00,M-04,Line A,Day,Pump Housing,89,82,1,16.5,416.2,Pass
2025-06-18 14:00,M-06,Line C,Evening,Pump Housing,121,102,2,6.6,427.9,Review
2025-06-18 22:00,M-10,Line A,Night,Pump Housing,136,116,5,42.8,383.4,Pass
2025-06-19 06:00,M-12,Line C,Day,Valve Assembly,111,105,1,48.4,362.9,Pass
2025-06-19 14:00,M-05,Line B,Evening,Bearing Kit,140,117,3,27.5,393.7,Review
2025-06-19 22:00,M-10,Line A,Night,Pump Housing,82,71,0,0.0,438.3,Hold
2025-06-20 06:00,M-05,Line B,Day,Valve Assembly,139,119,5,17.0,401.7,Pass
2025-06-20 14:00,M-01,Line A,Evening,Control Panel,129,106,2,19.6,412.1,Hold
2025-06-20 22:00,M-02,Line B,Night,Pump Housing,105,86,1,2.5,417.4,Pass
2025-06-21 06:00,M-08,Line B,Day,Bearing Kit,100,84,4,39.1,383.0,Pass
2025-06-21 14:00,M-01,Line A,Evening,Control Panel,129,117,2,153.9,252.1,Review
2025-06-21 22:00,M-11,Line B,Night,Pump Housing,91,90,3,15.9,389.7,Hold
2025-06-22 06:00,M-03,Line C,Day,Bearing Kit,119,99,1,28.6,385.6,Pass
2025-06-22 14:00,M-03,Line C,Evening,Control Panel,97,93,3,0.0,431.2,Pass
2025-06-22 22:00,M-09,Line C,Night,Sensor Module,95,75,1,28.8,412.2,Review
2025-06-23 06:00,M-05,Line B,Day,Bearing Kit,115,92,5,23.2,403.1,Hold
2025-01-04 22:00,M-11,Line B,Night,Valve Assembly,114,95,0,19.5,389.6,Pass
2025-03-12 06:00,M-01,Line A,Day,Valve Assembly,140,133,7,32.1,390.3,Review
2025-05-07 14:00,M-12,Line C,Evening,Valve Assembly,93,91,4,14.9,406.9,Pass
